date,commit,branch,board,build_flags,config,bench,threads,num,reads,value_size,key_size,seed,run_idx,ops_per_sec,micros_per_op,notes
2026-08-22,5be9f1ca8,s2605-rvv,spacemit-k3-picoitx,PORTABLE=1 -march=rv64gc DEBUG_LEVEL=0 gcc15.2,A,fillrandom,1,20000000,,100,16,20260822,1,88987,11.238,scalar-baseline
2026-08-22,5be9f1ca8,s2605-rvv,spacemit-k3-picoitx,PORTABLE=1 -march=rv64gc DEBUG_LEVEL=0 gcc15.2,A,fillrandom,1,20000000,,100,16,20260822,2,83488,11.978,scalar-baseline
2026-08-22,5be9f1ca8,s2605-rvv,spacemit-k3-picoitx,PORTABLE=1 -march=rv64gc DEBUG_LEVEL=0 gcc15.2,A,fillrandom,1,20000000,,100,16,20260822,3,84079,11.893,scalar-baseline
2026-08-22,5be9f1ca8,s2605-rvv,spacemit-k3-picoitx,PORTABLE=1 -march=rv64gc DEBUG_LEVEL=0 gcc15.2,A,readrandom,1,20000000,2000000,100,16,20260822,1,19051,52.489,scalar-baseline
2026-08-22,5be9f1ca8,s2605-rvv,spacemit-k3-picoitx,PORTABLE=1 -march=rv64gc DEBUG_LEVEL=0 gcc15.2,A,readrandom,1,20000000,2000000,100,16,20260822,2,25685,38.932,scalar-baseline
2026-08-22,5be9f1ca8,s2605-rvv,spacemit-k3-picoitx,PORTABLE=1 -march=rv64gc DEBUG_LEVEL=0 gcc15.2,A,readrandom,1,20000000,2000000,100,16,20260822,3,25593,39.072,scalar-baseline
2026-08-22,5be9f1ca8,s2605-rvv,spacemit-k3-picoitx,PORTABLE=1 -march=rv64gc DEBUG_LEVEL=0 gcc15.2,A,readrandom,1,20000000,2000000,100,16,20260822,4,25153,39.755,scalar-baseline
2026-08-22,5be9f1ca8,s2605-rvv,spacemit-k3-picoitx,PORTABLE=1 -march=rv64gc DEBUG_LEVEL=0 gcc15.2,A,readrandom,1,20000000,2000000,100,16,20260822,5,25114,39.818,scalar-baseline
2026-08-22,5be9f1ca8,s2605-rvv,spacemit-k3-picoitx,PORTABLE=1 -march=rv64gc DEBUG_LEVEL=0 gcc15.2,A,readrandom,8,20000000,2000000,100,16,20260822,1,173744,45.696,scalar-baseline
2026-08-22,5be9f1ca8,s2605-rvv,spacemit-k3-picoitx,PORTABLE=1 -march=rv64gc DEBUG_LEVEL=0 gcc15.2,A,readrandom,8,20000000,2000000,100,16,20260822,2,173630,45.839,scalar-baseline
2026-08-22,5be9f1ca8,s2605-rvv,spacemit-k3-picoitx,PORTABLE=1 -march=rv64gc DEBUG_LEVEL=0 gcc15.2,A,readrandom,8,20000000,2000000,100,16,20260822,3,173317,45.847,scalar-baseline
2026-08-22,5be9f1ca8,s2605-rvv,spacemit-k3-picoitx,PORTABLE=1 -march=rv64gc DEBUG_LEVEL=0 gcc15.2,A,readrandom,8,20000000,2000000,100,16,20260822,4,174540,45.670,scalar-baseline
2026-08-22,5be9f1ca8,s2605-rvv,spacemit-k3-picoitx,PORTABLE=1 -march=rv64gc DEBUG_LEVEL=0 gcc15.2,A,readrandom,8,20000000,2000000,100,16,20260822,5,173346,45.927,scalar-baseline
2026-08-22,5be9f1ca8,s2605-rvv,spacemit-k3-picoitx,PORTABLE=1 -march=rv64gc DEBUG_LEVEL=0 gcc15.2,A,seekrandom,1,20000000,500000,100,16,20260822,1,14137,70.732,scalar-baseline
2026-08-22,5be9f1ca8,s2605-rvv,spacemit-k3-picoitx,PORTABLE=1 -march=rv64gc DEBUG_LEVEL=0 gcc15.2,A,seekrandom,1,20000000,500000,100,16,20260822,2,13950,71.684,scalar-baseline
2026-08-22,5be9f1ca8,s2605-rvv,spacemit-k3-picoitx,PORTABLE=1 -march=rv64gc DEBUG_LEVEL=0 gcc15.2,A,seekrandom,1,20000000,500000,100,16,20260822,3,14300,69.928,scalar-baseline
2026-08-22,5be9f1ca8,s2605-rvv,spacemit-k3-picoitx,PORTABLE=1 -march=rv64gc DEBUG_LEVEL=0 gcc15.2,A,seekrandom,1,20000000,500000,100,16,20260822,4,14036,71.242,scalar-baseline
2026-08-22,5be9f1ca8,s2605-rvv,spacemit-k3-picoitx,PORTABLE=1 -march=rv64gc DEBUG_LEVEL=0 gcc15.2,A,seekrandom,1,20000000,500000,100,16,20260822,5,13927,71.799,scalar-baseline
2026-08-22,5be9f1ca8,s2605-rvv,spacemit-k3-picoitx,PORTABLE=1 -march=rv64gc DEBUG_LEVEL=0 gcc15.2,A,seekrandom,8,20000000,500000,100,16,20260822,1,96161,82.281,scalar-baseline
2026-08-22,5be9f1ca8,s2605-rvv,spacemit-k3-picoitx,PORTABLE=1 -march=rv64gc DEBUG_LEVEL=0 gcc15.2,A,seekrandom,8,20000000,500000,100,16,20260822,2,97921,80.918,scalar-baseline
2026-08-22,5be9f1ca8,s2605-rvv,spacemit-k3-picoitx,PORTABLE=1 -march=rv64gc DEBUG_LEVEL=0 gcc15.2,A,seekrandom,8,20000000,500000,100,16,20260822,3,96816,82.072,scalar-baseline
2026-08-22,5be9f1ca8,s2605-rvv,spacemit-k3-picoitx,PORTABLE=1 -march=rv64gc DEBUG_LEVEL=0 gcc15.2,A,seekrandom,8,20000000,500000,100,16,20260822,4,98097,81.170,scalar-baseline
2026-08-22,5be9f1ca8,s2605-rvv,spacemit-k3-picoitx,PORTABLE=1 -march=rv64gc DEBUG_LEVEL=0 gcc15.2,A,seekrandom,8,20000000,500000,100,16,20260822,5,97675,81.520,scalar-baseline
2026-08-22,5be9f1ca8,s2605-rvv,spacemit-k3-picoitx,PORTABLE=1 -march=rv64gc DEBUG_LEVEL=0 gcc15.2,B,fillrandom,1,20000000,,100,16,20260822,1,84932,11.774,scalar-baseline
2026-08-22,5be9f1ca8,s2605-rvv,spacemit-k3-picoitx,PORTABLE=1 -march=rv64gc DEBUG_LEVEL=0 gcc15.2,B,fillrandom,1,20000000,,100,16,20260822,2,84358,11.854,scalar-baseline
2026-08-22,5be9f1ca8,s2605-rvv,spacemit-k3-picoitx,PORTABLE=1 -march=rv64gc DEBUG_LEVEL=0 gcc15.2,B,fillrandom,1,20000000,,100,16,20260822,3,88812,11.260,scalar-baseline
2026-08-22,5be9f1ca8,s2605-rvv,spacemit-k3-picoitx,PORTABLE=1 -march=rv64gc DEBUG_LEVEL=0 gcc15.2,B,readrandom,1,20000000,2000000,100,16,20260822,1,46639,21.441,scalar-baseline
2026-08-22,5be9f1ca8,s2605-rvv,spacemit-k3-picoitx,PORTABLE=1 -march=rv64gc DEBUG_LEVEL=0 gcc15.2,B,readrandom,1,20000000,2000000,100,16,20260822,2,66490,15.040,scalar-baseline
2026-08-22,5be9f1ca8,s2605-rvv,spacemit-k3-picoitx,PORTABLE=1 -march=rv64gc DEBUG_LEVEL=0 gcc15.2,B,readrandom,1,20000000,2000000,100,16,20260822,3,66397,15.061,scalar-baseline
2026-08-22,5be9f1ca8,s2605-rvv,spacemit-k3-picoitx,PORTABLE=1 -march=rv64gc DEBUG_LEVEL=0 gcc15.2,B,readrandom,1,20000000,2000000,100,16,20260822,4,66017,15.148,scalar-baseline
2026-08-22,5be9f1ca8,s2605-rvv,spacemit-k3-picoitx,PORTABLE=1 -march=rv64gc DEBUG_LEVEL=0 gcc15.2,B,readrandom,1,20000000,2000000,100,16,20260822,5,65927,15.168,scalar-baseline
2026-08-22,5be9f1ca8,s2605-rvv,spacemit-k3-picoitx,PORTABLE=1 -march=rv64gc DEBUG_LEVEL=0 gcc15.2,B,readrandom,8,20000000,2000000,100,16,20260822,1,478274,12.369,scalar-baseline
2026-08-22,5be9f1ca8,s2605-rvv,spacemit-k3-picoitx,PORTABLE=1 -march=rv64gc DEBUG_LEVEL=0 gcc15.2,B,readrandom,8,20000000,2000000,100,16,20260822,2,469141,12.697,scalar-baseline
2026-08-22,5be9f1ca8,s2605-rvv,spacemit-k3-picoitx,PORTABLE=1 -march=rv64gc DEBUG_LEVEL=0 gcc15.2,B,readrandom,8,20000000,2000000,100,16,20260822,3,465545,12.632,scalar-baseline
2026-08-22,5be9f1ca8,s2605-rvv,spacemit-k3-picoitx,PORTABLE=1 -march=rv64gc DEBUG_LEVEL=0 gcc15.2,B,readrandom,8,20000000,2000000,100,16,20260822,4,468588,12.613,scalar-baseline
2026-08-22,5be9f1ca8,s2605-rvv,spacemit-k3-picoitx,PORTABLE=1 -march=rv64gc DEBUG_LEVEL=0 gcc15.2,B,readrandom,8,20000000,2000000,100,16,20260822,5,475463,12.625,scalar-baseline
2026-08-22,5be9f1ca8,s2605-rvv,spacemit-k3-picoitx,PORTABLE=1 -march=rv64gc DEBUG_LEVEL=0 gcc15.2,B,seekrandom,1,20000000,500000,100,16,20260822,1,20696,48.318,scalar-baseline
2026-08-22,5be9f1ca8,s2605-rvv,spacemit-k3-picoitx,PORTABLE=1 -march=rv64gc DEBUG_LEVEL=0 gcc15.2,B,seekrandom,1,20000000,500000,100,16,20260822,2,21476,46.563,scalar-baseline
2026-08-22,5be9f1ca8,s2605-rvv,spacemit-k3-picoitx,PORTABLE=1 -march=rv64gc DEBUG_LEVEL=0 gcc15.2,B,seekrandom,1,20000000,500000,100,16,20260822,3,21256,47.045,scalar-baseline
2026-08-22,5be9f1ca8,s2605-rvv,spacemit-k3-picoitx,PORTABLE=1 -march=rv64gc DEBUG_LEVEL=0 gcc15.2,B,seekrandom,1,20000000,500000,100,16,20260822,4,20536,48.693,scalar-baseline
2026-08-22,5be9f1ca8,s2605-rvv,spacemit-k3-picoitx,PORTABLE=1 -march=rv64gc DEBUG_LEVEL=0 gcc15.2,B,seekrandom,1,20000000,500000,100,16,20260822,5,21696,46.090,scalar-baseline
2026-08-22,5be9f1ca8,s2605-rvv,spacemit-k3-picoitx,PORTABLE=1 -march=rv64gc DEBUG_LEVEL=0 gcc15.2,B,seekrandom,8,20000000,500000,100,16,20260822,1,169243,47.049,scalar-baseline
2026-08-22,5be9f1ca8,s2605-rvv,spacemit-k3-picoitx,PORTABLE=1 -march=rv64gc DEBUG_LEVEL=0 gcc15.2,B,seekrandom,8,20000000,500000,100,16,20260822,2,168023,47.081,scalar-baseline
2026-08-22,5be9f1ca8,s2605-rvv,spacemit-k3-picoitx,PORTABLE=1 -march=rv64gc DEBUG_LEVEL=0 gcc15.2,B,seekrandom,8,20000000,500000,100,16,20260822,3,169242,47.089,scalar-baseline
2026-08-22,5be9f1ca8,s2605-rvv,spacemit-k3-picoitx,PORTABLE=1 -march=rv64gc DEBUG_LEVEL=0 gcc15.2,B,seekrandom,8,20000000,500000,100,16,20260822,4,169830,46.798,scalar-baseline
2026-08-22,5be9f1ca8,s2605-rvv,spacemit-k3-picoitx,PORTABLE=1 -march=rv64gc DEBUG_LEVEL=0 gcc15.2,B,seekrandom,8,20000000,500000,100,16,20260822,5,169751,46.775,scalar-baseline
2026-08-23,c96415836+,s2605-rvv,spacemit-k3-picoitx,PORTABLE=1 RISCV_RVV=1 -march=rv64gcv (+zvbc TU) DEBUG_LEVEL=0 gcc15.2,A,fillrandom,1,20000000,,100,16,20260822,1,81195,12.316,rvv-full-INVALID(rocketmq-producer-contamination-pid1032923)
2026-08-23,c96415836+,s2605-rvv,spacemit-k3-picoitx,PORTABLE=1 RISCV_RVV=1 -march=rv64gcv (+zvbc TU) DEBUG_LEVEL=0 gcc15.2,A,fillrandom,1,20000000,,100,16,20260822,2,81874,12.214,rvv-full-INVALID(rocketmq-producer-contamination-pid1032923)
2026-08-23,c96415836+,s2605-rvv,spacemit-k3-picoitx,PORTABLE=1 RISCV_RVV=1 -march=rv64gcv (+zvbc TU) DEBUG_LEVEL=0 gcc15.2,A,fillrandom,1,20000000,,100,16,20260822,3,78755,12.698,rvv-full-INVALID(rocketmq-producer-contamination-pid1032923)
2026-08-23,c96415836+,s2605-rvv,spacemit-k3-picoitx,PORTABLE=1 RISCV_RVV=1 -march=rv64gcv (+zvbc TU) DEBUG_LEVEL=0 gcc15.2,A,readrandom,1,20000000,2000000,100,16,20260822,1,18175,55.018,rvv-full-INVALID(rocketmq-producer-contamination-pid1032923)
2026-08-23,c96415836+,s2605-rvv,spacemit-k3-picoitx,PORTABLE=1 RISCV_RVV=1 -march=rv64gcv (+zvbc TU) DEBUG_LEVEL=0 gcc15.2,A,readrandom,1,20000000,2000000,100,16,20260822,2,22099,45.249,rvv-full-INVALID(rocketmq-producer-contamination-pid1032923)
2026-08-23,c96415836+,s2605-rvv,spacemit-k3-picoitx,PORTABLE=1 RISCV_RVV=1 -march=rv64gcv (+zvbc TU) DEBUG_LEVEL=0 gcc15.2,A,readrandom,1,20000000,2000000,100,16,20260822,3,22116,45.214,rvv-full-INVALID(rocketmq-producer-contamination-pid1032923)
2026-08-23,c96415836+,s2605-rvv,spacemit-k3-picoitx,PORTABLE=1 RISCV_RVV=1 -march=rv64gcv (+zvbc TU) DEBUG_LEVEL=0 gcc15.2,A,readrandom,1,20000000,2000000,100,16,20260822,4,22301,44.840,rvv-full-INVALID(rocketmq-producer-contamination-pid1032923)
2026-08-23,c96415836+,s2605-rvv,spacemit-k3-picoitx,PORTABLE=1 RISCV_RVV=1 -march=rv64gcv (+zvbc TU) DEBUG_LEVEL=0 gcc15.2,A,readrandom,1,20000000,2000000,100,16,20260822,5,21983,45.488,rvv-full-INVALID(rocketmq-producer-contamination-pid1032923)
2026-08-23,c96415836+,s2605-rvv,spacemit-k3-picoitx,PORTABLE=1 RISCV_RVV=1 -march=rv64gcv (+zvbc TU) DEBUG_LEVEL=0 gcc15.2,A,readrandom,8,20000000,2000000,100,16,20260822,1,108026,73.212,rvv-full-INVALID(rocketmq-producer-contamination-pid1032923)
2026-08-23,c96415836+,s2605-rvv,spacemit-k3-picoitx,PORTABLE=1 RISCV_RVV=1 -march=rv64gcv (+zvbc TU) DEBUG_LEVEL=0 gcc15.2,A,readrandom,8,20000000,2000000,100,16,20260822,2,102010,77.335,rvv-full-INVALID(rocketmq-producer-contamination-pid1032923)
2026-08-23,c96415836+,s2605-rvv,spacemit-k3-picoitx,PORTABLE=1 RISCV_RVV=1 -march=rv64gcv (+zvbc TU) DEBUG_LEVEL=0 gcc15.2,A,readrandom,8,20000000,2000000,100,16,20260822,3,102836,77.413,rvv-full-INVALID(rocketmq-producer-contamination-pid1032923)
2026-08-23,c96415836+,s2605-rvv,spacemit-k3-picoitx,PORTABLE=1 RISCV_RVV=1 -march=rv64gcv (+zvbc TU) DEBUG_LEVEL=0 gcc15.2,A,readrandom,8,20000000,2000000,100,16,20260822,4,103855,76.736,rvv-full-INVALID(rocketmq-producer-contamination-pid1032923)
2026-08-23,c96415836+,s2605-rvv,spacemit-k3-picoitx,PORTABLE=1 RISCV_RVV=1 -march=rv64gcv (+zvbc TU) DEBUG_LEVEL=0 gcc15.2,A,readrandom,8,20000000,2000000,100,16,20260822,5,102749,76.331,rvv-full-INVALID(rocketmq-producer-contamination-pid1032923)
2026-08-23,c96415836+,s2605-rvv,spacemit-k3-picoitx,PORTABLE=1 RISCV_RVV=1 -march=rv64gcv (+zvbc TU) DEBUG_LEVEL=0 gcc15.2,A,seekrandom,1,20000000,500000,100,16,20260822,1,12665,78.954,rvv-full-INVALID(rocketmq-producer-contamination-pid1032923)
2026-08-23,c96415836+,s2605-rvv,spacemit-k3-picoitx,PORTABLE=1 RISCV_RVV=1 -march=rv64gcv (+zvbc TU) DEBUG_LEVEL=0 gcc15.2,A,seekrandom,1,20000000,500000,100,16,20260822,2,12659,78.990,rvv-full-INVALID(rocketmq-producer-contamination-pid1032923)
2026-08-23,c96415836+,s2605-rvv,spacemit-k3-picoitx,PORTABLE=1 RISCV_RVV=1 -march=rv64gcv (+zvbc TU) DEBUG_LEVEL=0 gcc15.2,A,seekrandom,1,20000000,500000,100,16,20260822,3,12831,77.934,rvv-full-INVALID(rocketmq-producer-contamination-pid1032923)
2026-08-23,c96415836+,s2605-rvv,spacemit-k3-picoitx,PORTABLE=1 RISCV_RVV=1 -march=rv64gcv (+zvbc TU) DEBUG_LEVEL=0 gcc15.2,A,seekrandom,1,20000000,500000,100,16,20260822,4,12732,78.541,rvv-full-INVALID(rocketmq-producer-contamination-pid1032923)
2026-08-23,c96415836+,s2605-rvv,spacemit-k3-picoitx,PORTABLE=1 RISCV_RVV=1 -march=rv64gcv (+zvbc TU) DEBUG_LEVEL=0 gcc15.2,A,seekrandom,1,20000000,500000,100,16,20260822,5,12688,78.813,rvv-full-INVALID(rocketmq-producer-contamination-pid1032923)
2026-08-23,c96415836+,s2605-rvv,spacemit-k3-picoitx,PORTABLE=1 RISCV_RVV=1 -march=rv64gcv (+zvbc TU) DEBUG_LEVEL=0 gcc15.2,A,seekrandom,8,20000000,500000,100,16,20260822,1,61024,130.035,rvv-full-INVALID(rocketmq-producer-contamination-pid1032923)
2026-08-23,c96415836+,s2605-rvv,spacemit-k3-picoitx,PORTABLE=1 RISCV_RVV=1 -march=rv64gcv (+zvbc TU) DEBUG_LEVEL=0 gcc15.2,A,seekrandom,8,20000000,500000,100,16,20260822,2,60012,131.527,rvv-full-INVALID(rocketmq-producer-contamination-pid1032923)
2026-08-23,c96415836+,s2605-rvv,spacemit-k3-picoitx,PORTABLE=1 RISCV_RVV=1 -march=rv64gcv (+zvbc TU) DEBUG_LEVEL=0 gcc15.2,A,seekrandom,8,20000000,500000,100,16,20260822,3,60046,132.096,rvv-full-INVALID(rocketmq-producer-contamination-pid1032923)
2026-08-23,c96415836+,s2605-rvv,spacemit-k3-picoitx,PORTABLE=1 RISCV_RVV=1 -march=rv64gcv (+zvbc TU) DEBUG_LEVEL=0 gcc15.2,A,seekrandom,8,20000000,500000,100,16,20260822,4,59961,131.532,rvv-full-INVALID(rocketmq-producer-contamination-pid1032923)
2026-08-23,c96415836+,s2605-rvv,spacemit-k3-picoitx,PORTABLE=1 RISCV_RVV=1 -march=rv64gcv (+zvbc TU) DEBUG_LEVEL=0 gcc15.2,A,seekrandom,8,20000000,500000,100,16,20260822,5,60258,131.547,rvv-full-INVALID(rocketmq-producer-contamination-pid1032923)
2026-08-23,c96415836+,s2605-rvv,spacemit-k3-picoitx,PORTABLE=1 RISCV_RVV=1 -march=rv64gcv (+zvbc TU) DEBUG_LEVEL=0 gcc15.2,B,fillrandom,1,20000000,,100,16,20260822,1,79632,12.558,rvv-full-INVALID(rocketmq-producer-contamination-pid1032923)
2026-08-23,c96415836+,s2605-rvv,spacemit-k3-picoitx,PORTABLE=1 RISCV_RVV=1 -march=rv64gcv (+zvbc TU) DEBUG_LEVEL=0 gcc15.2,B,fillrandom,1,20000000,,100,16,20260822,2,79307,12.609,rvv-full-INVALID(rocketmq-producer-contamination-pid1032923)
2026-08-23,c96415836+,s2605-rvv,spacemit-k3-picoitx,PORTABLE=1 RISCV_RVV=1 -march=rv64gcv (+zvbc TU) DEBUG_LEVEL=0 gcc15.2,B,fillrandom,1,20000000,,100,16,20260822,3,77648,12.879,rvv-full-INVALID(rocketmq-producer-contamination-pid1032923)
2026-08-23,c96415836+,s2605-rvv,spacemit-k3-picoitx,PORTABLE=1 RISCV_RVV=1 -march=rv64gcv (+zvbc TU) DEBUG_LEVEL=0 gcc15.2,B,readrandom,1,20000000,2000000,100,16,20260822,1,57820,17.295,rvv-full-INVALID(rocketmq-producer-contamination-pid1032923)
2026-08-23,c96415836+,s2605-rvv,spacemit-k3-picoitx,PORTABLE=1 RISCV_RVV=1 -march=rv64gcv (+zvbc TU) DEBUG_LEVEL=0 gcc15.2,B,readrandom,1,20000000,2000000,100,16,20260822,2,65070,15.368,rvv-full-INVALID(rocketmq-producer-contamination-pid1032923)
2026-08-23,c96415836+,s2605-rvv,spacemit-k3-picoitx,PORTABLE=1 RISCV_RVV=1 -march=rv64gcv (+zvbc TU) DEBUG_LEVEL=0 gcc15.2,B,readrandom,1,20000000,2000000,100,16,20260822,3,65074,15.367,rvv-full-INVALID(rocketmq-producer-contamination-pid1032923)
2026-08-23,c96415836+,s2605-rvv,spacemit-k3-picoitx,PORTABLE=1 RISCV_RVV=1 -march=rv64gcv (+zvbc TU) DEBUG_LEVEL=0 gcc15.2,B,readrandom,1,20000000,2000000,100,16,20260822,4,65445,15.280,rvv-full-INVALID(rocketmq-producer-contamination-pid1032923)
2026-08-23,c96415836+,s2605-rvv,spacemit-k3-picoitx,PORTABLE=1 RISCV_RVV=1 -march=rv64gcv (+zvbc TU) DEBUG_LEVEL=0 gcc15.2,B,readrandom,1,20000000,2000000,100,16,20260822,5,65147,15.350,rvv-full-INVALID(rocketmq-producer-contamination-pid1032923)
2026-08-23,c96415836+,s2605-rvv,spacemit-k3-picoitx,PORTABLE=1 RISCV_RVV=1 -march=rv64gcv (+zvbc TU) DEBUG_LEVEL=0 gcc15.2,B,readrandom,8,20000000,2000000,100,16,20260822,1,350506,18.049,rvv-full-INVALID(rocketmq-producer-contamination-pid1032923)
2026-08-23,c96415836+,s2605-rvv,spacemit-k3-picoitx,PORTABLE=1 RISCV_RVV=1 -march=rv64gcv (+zvbc TU) DEBUG_LEVEL=0 gcc15.2,B,readrandom,8,20000000,2000000,100,16,20260822,2,342678,18.323,rvv-full-INVALID(rocketmq-producer-contamination-pid1032923)
2026-08-23,c96415836+,s2605-rvv,spacemit-k3-picoitx,PORTABLE=1 RISCV_RVV=1 -march=rv64gcv (+zvbc TU) DEBUG_LEVEL=0 gcc15.2,B,readrandom,8,20000000,2000000,100,16,20260822,3,348842,18.364,rvv-full-INVALID(rocketmq-producer-contamination-pid1032923)
2026-08-23,c96415836+,s2605-rvv,spacemit-k3-picoitx,PORTABLE=1 RISCV_RVV=1 -march=rv64gcv (+zvbc TU) DEBUG_LEVEL=0 gcc15.2,B,readrandom,8,20000000,2000000,100,16,20260822,4,349859,18.034,rvv-full-INVALID(rocketmq-producer-contamination-pid1032923)
2026-08-23,c96415836+,s2605-rvv,spacemit-k3-picoitx,PORTABLE=1 RISCV_RVV=1 -march=rv64gcv (+zvbc TU) DEBUG_LEVEL=0 gcc15.2,B,readrandom,8,20000000,2000000,100,16,20260822,5,347436,18.186,rvv-full-INVALID(rocketmq-producer-contamination-pid1032923)
2026-08-23,c96415836+,s2605-rvv,spacemit-k3-picoitx,PORTABLE=1 RISCV_RVV=1 -march=rv64gcv (+zvbc TU) DEBUG_LEVEL=0 gcc15.2,B,seekrandom,1,20000000,500000,100,16,20260822,1,21448,46.622,rvv-full-INVALID(rocketmq-producer-contamination-pid1032923)
2026-08-23,c96415836+,s2605-rvv,spacemit-k3-picoitx,PORTABLE=1 RISCV_RVV=1 -march=rv64gcv (+zvbc TU) DEBUG_LEVEL=0 gcc15.2,B,seekrandom,1,20000000,500000,100,16,20260822,2,21584,46.329,rvv-full-INVALID(rocketmq-producer-contamination-pid1032923)
2026-08-23,c96415836+,s2605-rvv,spacemit-k3-picoitx,PORTABLE=1 RISCV_RVV=1 -march=rv64gcv (+zvbc TU) DEBUG_LEVEL=0 gcc15.2,B,seekrandom,1,20000000,500000,100,16,20260822,3,20936,47.764,rvv-full-INVALID(rocketmq-producer-contamination-pid1032923)
2026-08-23,c96415836+,s2605-rvv,spacemit-k3-picoitx,PORTABLE=1 RISCV_RVV=1 -march=rv64gcv (+zvbc TU) DEBUG_LEVEL=0 gcc15.2,B,seekrandom,1,20000000,500000,100,16,20260822,4,21106,47.380,rvv-full-INVALID(rocketmq-producer-contamination-pid1032923)
2026-08-23,c96415836+,s2605-rvv,spacemit-k3-picoitx,PORTABLE=1 RISCV_RVV=1 -march=rv64gcv (+zvbc TU) DEBUG_LEVEL=0 gcc15.2,B,seekrandom,1,20000000,500000,100,16,20260822,5,21288,46.973,rvv-full-INVALID(rocketmq-producer-contamination-pid1032923)
2026-08-23,c96415836+,s2605-rvv,spacemit-k3-picoitx,PORTABLE=1 RISCV_RVV=1 -march=rv64gcv (+zvbc TU) DEBUG_LEVEL=0 gcc15.2,B,seekrandom,8,20000000,500000,100,16,20260822,1,114410,68.647,rvv-full-INVALID(rocketmq-producer-contamination-pid1032923)
2026-08-23,c96415836+,s2605-rvv,spacemit-k3-picoitx,PORTABLE=1 RISCV_RVV=1 -march=rv64gcv (+zvbc TU) DEBUG_LEVEL=0 gcc15.2,B,seekrandom,8,20000000,500000,100,16,20260822,2,113202,69.636,rvv-full-INVALID(rocketmq-producer-contamination-pid1032923)
2026-08-23,c96415836+,s2605-rvv,spacemit-k3-picoitx,PORTABLE=1 RISCV_RVV=1 -march=rv64gcv (+zvbc TU) DEBUG_LEVEL=0 gcc15.2,B,seekrandom,8,20000000,500000,100,16,20260822,3,112316,69.721,rvv-full-INVALID(rocketmq-producer-contamination-pid1032923)
2026-08-23,c96415836+,s2605-rvv,spacemit-k3-picoitx,PORTABLE=1 RISCV_RVV=1 -march=rv64gcv (+zvbc TU) DEBUG_LEVEL=0 gcc15.2,B,seekrandom,8,20000000,500000,100,16,20260822,4,114203,68.854,rvv-full-INVALID(rocketmq-producer-contamination-pid1032923)
2026-08-23,c96415836+,s2605-rvv,spacemit-k3-picoitx,PORTABLE=1 RISCV_RVV=1 -march=rv64gcv (+zvbc TU) DEBUG_LEVEL=0 gcc15.2,B,seekrandom,8,20000000,500000,100,16,20260822,5,114520,68.644,rvv-full-INVALID(rocketmq-producer-contamination-pid1032923)
2026-08-23,c96415836+,s2605-rvv,spacemit-k3-picoitx,PORTABLE=1 rv64gc + zvbc CRC TU DEBUG_LEVEL=0 gcc15.2,A,fillrandom,1,20000000,,100,16,20260822,1,81163,12.321,crc-only-INVALID(rocketmq-producer-contamination-pid1032923)
2026-08-23,c96415836+,s2605-rvv,spacemit-k3-picoitx,PORTABLE=1 rv64gc + zvbc CRC TU DEBUG_LEVEL=0 gcc15.2,A,fillrandom,1,20000000,,100,16,20260822,2,78443,12.748,crc-only-INVALID(rocketmq-producer-contamination-pid1032923)
2026-08-23,c96415836+,s2605-rvv,spacemit-k3-picoitx,PORTABLE=1 rv64gc + zvbc CRC TU DEBUG_LEVEL=0 gcc15.2,A,fillrandom,1,20000000,,100,16,20260822,3,82307,12.150,crc-only-INVALID(rocketmq-producer-contamination-pid1032923)
2026-08-23,c96415836+,s2605-rvv,spacemit-k3-picoitx,PORTABLE=1 rv64gc + zvbc CRC TU DEBUG_LEVEL=0 gcc15.2,A,readrandom,1,20000000,2000000,100,16,20260822,1,17637,56.697,crc-only-INVALID(rocketmq-producer-contamination-pid1032923)
2026-08-23,c96415836+,s2605-rvv,spacemit-k3-picoitx,PORTABLE=1 rv64gc + zvbc CRC TU DEBUG_LEVEL=0 gcc15.2,A,readrandom,1,20000000,2000000,100,16,20260822,2,21182,47.210,crc-only-INVALID(rocketmq-producer-contamination-pid1032923)
2026-08-23,c96415836+,s2605-rvv,spacemit-k3-picoitx,PORTABLE=1 rv64gc + zvbc CRC TU DEBUG_LEVEL=0 gcc15.2,A,readrandom,1,20000000,2000000,100,16,20260822,3,21267,47.020,crc-only-INVALID(rocketmq-producer-contamination-pid1032923)
2026-08-23,c96415836+,s2605-rvv,spacemit-k3-picoitx,PORTABLE=1 rv64gc + zvbc CRC TU DEBUG_LEVEL=0 gcc15.2,A,readrandom,1,20000000,2000000,100,16,20260822,4,21245,47.068,crc-only-INVALID(rocketmq-producer-contamination-pid1032923)
2026-08-23,c96415836+,s2605-rvv,spacemit-k3-picoitx,PORTABLE=1 rv64gc + zvbc CRC TU DEBUG_LEVEL=0 gcc15.2,A,readrandom,1,20000000,2000000,100,16,20260822,5,21391,46.747,crc-only-INVALID(rocketmq-producer-contamination-pid1032923)
2026-08-23,c96415836+,s2605-rvv,spacemit-k3-picoitx,PORTABLE=1 rv64gc + zvbc CRC TU DEBUG_LEVEL=0 gcc15.2,A,readrandom,8,20000000,2000000,100,16,20260822,1,100493,78.569,crc-only-INVALID(rocketmq-producer-contamination-pid1032923)
2026-08-23,c96415836+,s2605-rvv,spacemit-k3-picoitx,PORTABLE=1 rv64gc + zvbc CRC TU DEBUG_LEVEL=0 gcc15.2,A,readrandom,8,20000000,2000000,100,16,20260822,2,99663,79.590,crc-only-INVALID(rocketmq-producer-contamination-pid1032923)
2026-08-23,c96415836+,s2605-rvv,spacemit-k3-picoitx,PORTABLE=1 rv64gc + zvbc CRC TU DEBUG_LEVEL=0 gcc15.2,A,readrandom,8,20000000,2000000,100,16,20260822,3,98782,79.920,crc-only-INVALID(rocketmq-producer-contamination-pid1032923)
2026-08-23,c96415836+,s2605-rvv,spacemit-k3-picoitx,PORTABLE=1 rv64gc + zvbc CRC TU DEBUG_LEVEL=0 gcc15.2,A,readrandom,8,20000000,2000000,100,16,20260822,4,100809,78.029,crc-only-INVALID(rocketmq-producer-contamination-pid1032923)
2026-08-23,c96415836+,s2605-rvv,spacemit-k3-picoitx,PORTABLE=1 rv64gc + zvbc CRC TU DEBUG_LEVEL=0 gcc15.2,A,readrandom,8,20000000,2000000,100,16,20260822,5,101457,78.169,crc-only-INVALID(rocketmq-producer-contamination-pid1032923)
2026-08-23,c96415836+,s2605-rvv,spacemit-k3-picoitx,PORTABLE=1 rv64gc + zvbc CRC TU DEBUG_LEVEL=0 gcc15.2,A,seekrandom,1,20000000,500000,100,16,20260822,1,12432,80.435,crc-only-INVALID(rocketmq-producer-contamination-pid1032923)
2026-08-23,c96415836+,s2605-rvv,spacemit-k3-picoitx,PORTABLE=1 rv64gc + zvbc CRC TU DEBUG_LEVEL=0 gcc15.2,A,seekrandom,1,20000000,500000,100,16,20260822,2,12459,80.261,crc-only-INVALID(rocketmq-producer-contamination-pid1032923)
2026-08-23,c96415836+,s2605-rvv,spacemit-k3-picoitx,PORTABLE=1 rv64gc + zvbc CRC TU DEBUG_LEVEL=0 gcc15.2,A,seekrandom,1,20000000,500000,100,16,20260822,3,12462,80.239,crc-only-INVALID(rocketmq-producer-contamination-pid1032923)
2026-08-23,c96415836+,s2605-rvv,spacemit-k3-picoitx,PORTABLE=1 rv64gc + zvbc CRC TU DEBUG_LEVEL=0 gcc15.2,A,seekrandom,1,20000000,500000,100,16,20260822,4,12381,80.764,crc-only-INVALID(rocketmq-producer-contamination-pid1032923)
2026-08-23,c96415836+,s2605-rvv,spacemit-k3-picoitx,PORTABLE=1 rv64gc + zvbc CRC TU DEBUG_LEVEL=0 gcc15.2,A,seekrandom,1,20000000,500000,100,16,20260822,5,12395,80.674,crc-only-INVALID(rocketmq-producer-contamination-pid1032923)
2026-08-23,c96415836+,s2605-rvv,spacemit-k3-picoitx,PORTABLE=1 rv64gc + zvbc CRC TU DEBUG_LEVEL=0 gcc15.2,A,seekrandom,8,20000000,500000,100,16,20260822,1,59521,132.460,crc-only-INVALID(rocketmq-producer-contamination-pid1032923)
2026-08-23,c96415836+,s2605-rvv,spacemit-k3-picoitx,PORTABLE=1 rv64gc + zvbc CRC TU DEBUG_LEVEL=0 gcc15.2,A,seekrandom,8,20000000,500000,100,16,20260822,2,59820,133.081,crc-only-INVALID(rocketmq-producer-contamination-pid1032923)
2026-08-23,c96415836+,s2605-rvv,spacemit-k3-picoitx,PORTABLE=1 rv64gc + zvbc CRC TU DEBUG_LEVEL=0 gcc15.2,A,seekrandom,8,20000000,500000,100,16,20260822,3,59369,133.171,crc-only-INVALID(rocketmq-producer-contamination-pid1032923)
2026-08-23,c96415836+,s2605-rvv,spacemit-k3-picoitx,PORTABLE=1 rv64gc + zvbc CRC TU DEBUG_LEVEL=0 gcc15.2,A,seekrandom,8,20000000,500000,100,16,20260822,4,59886,132.417,crc-only-INVALID(rocketmq-producer-contamination-pid1032923)
2026-08-23,c96415836+,s2605-rvv,spacemit-k3-picoitx,PORTABLE=1 rv64gc + zvbc CRC TU DEBUG_LEVEL=0 gcc15.2,A,seekrandom,8,20000000,500000,100,16,20260822,5,59391,132.824,crc-only-INVALID(rocketmq-producer-contamination-pid1032923)
2026-08-23,c96415836+,s2605-rvv,spacemit-k3-picoitx,PORTABLE=1 rv64gc + zvbc CRC TU DEBUG_LEVEL=0 gcc15.2,B,fillrandom,1,20000000,,100,16,20260822,1,83452,11.983,crc-only-INVALID(rocketmq-producer-contamination-pid1032923)
2026-08-23,c96415836+,s2605-rvv,spacemit-k3-picoitx,PORTABLE=1 rv64gc + zvbc CRC TU DEBUG_LEVEL=0 gcc15.2,B,fillrandom,1,20000000,,100,16,20260822,2,80804,12.376,crc-only-INVALID(rocketmq-producer-contamination-pid1032923)
2026-08-23,c96415836+,s2605-rvv,spacemit-k3-picoitx,PORTABLE=1 rv64gc + zvbc CRC TU DEBUG_LEVEL=0 gcc15.2,B,fillrandom,1,20000000,,100,16,20260822,3,80556,12.414,crc-only-INVALID(rocketmq-producer-contamination-pid1032923)
2026-08-23,c96415836+,s2605-rvv,spacemit-k3-picoitx,PORTABLE=1 rv64gc + zvbc CRC TU DEBUG_LEVEL=0 gcc15.2,B,readrandom,1,20000000,2000000,100,16,20260822,1,38426,26.023,crc-only-INVALID(rocketmq-producer-contamination-pid1032923)
2026-08-23,c96415836+,s2605-rvv,spacemit-k3-picoitx,PORTABLE=1 rv64gc + zvbc CRC TU DEBUG_LEVEL=0 gcc15.2,B,readrandom,1,20000000,2000000,100,16,20260822,2,62059,16.114,crc-only-INVALID(rocketmq-producer-contamination-pid1032923)
2026-08-23,c96415836+,s2605-rvv,spacemit-k3-picoitx,PORTABLE=1 rv64gc + zvbc CRC TU DEBUG_LEVEL=0 gcc15.2,B,readrandom,1,20000000,2000000,100,16,20260822,3,62600,15.974,crc-only-INVALID(rocketmq-producer-contamination-pid1032923)
2026-08-23,c96415836+,s2605-rvv,spacemit-k3-picoitx,PORTABLE=1 rv64gc + zvbc CRC TU DEBUG_LEVEL=0 gcc15.2,B,readrandom,1,20000000,2000000,100,16,20260822,4,62018,16.124,crc-only-INVALID(rocketmq-producer-contamination-pid1032923)
2026-08-23,c96415836+,s2605-rvv,spacemit-k3-picoitx,PORTABLE=1 rv64gc + zvbc CRC TU DEBUG_LEVEL=0 gcc15.2,B,readrandom,1,20000000,2000000,100,16,20260822,5,62565,15.983,crc-only-INVALID(rocketmq-producer-contamination-pid1032923)
2026-08-23,c96415836+,s2605-rvv,spacemit-k3-picoitx,PORTABLE=1 rv64gc + zvbc CRC TU DEBUG_LEVEL=0 gcc15.2,B,readrandom,8,20000000,2000000,100,16,20260822,1,337520,18.983,crc-only-INVALID(rocketmq-producer-contamination-pid1032923)
2026-08-23,c96415836+,s2605-rvv,spacemit-k3-picoitx,PORTABLE=1 rv64gc + zvbc CRC TU DEBUG_LEVEL=0 gcc15.2,B,readrandom,8,20000000,2000000,100,16,20260822,2,332012,19.071,crc-only-INVALID(rocketmq-producer-contamination-pid1032923)
2026-08-23,c96415836+,s2605-rvv,spacemit-k3-picoitx,PORTABLE=1 rv64gc + zvbc CRC TU DEBUG_LEVEL=0 gcc15.2,B,readrandom,8,20000000,2000000,100,16,20260822,3,334215,18.919,crc-only-INVALID(rocketmq-producer-contamination-pid1032923)
2026-08-23,c96415836+,s2605-rvv,spacemit-k3-picoitx,PORTABLE=1 rv64gc + zvbc CRC TU DEBUG_LEVEL=0 gcc15.2,B,readrandom,8,20000000,2000000,100,16,20260822,4,332628,19.023,crc-only-INVALID(rocketmq-producer-contamination-pid1032923)
2026-08-23,c96415836+,s2605-rvv,spacemit-k3-picoitx,PORTABLE=1 rv64gc + zvbc CRC TU DEBUG_LEVEL=0 gcc15.2,B,readrandom,8,20000000,2000000,100,16,20260822,5,338523,18.922,crc-only-INVALID(rocketmq-producer-contamination-pid1032923)
2026-08-23,c96415836+,s2605-rvv,spacemit-k3-picoitx,PORTABLE=1 rv64gc + zvbc CRC TU DEBUG_LEVEL=0 gcc15.2,B,seekrandom,1,20000000,500000,100,16,20260822,1,20248,49.386,crc-only-INVALID(rocketmq-producer-contamination-pid1032923)
2026-08-23,c96415836+,s2605-rvv,spacemit-k3-picoitx,PORTABLE=1 rv64gc + zvbc CRC TU DEBUG_LEVEL=0 gcc15.2,B,seekrandom,1,20000000,500000,100,16,20260822,2,20121,49.699,crc-only-INVALID(rocketmq-producer-contamination-pid1032923)
2026-08-23,c96415836+,s2605-rvv,spacemit-k3-picoitx,PORTABLE=1 rv64gc + zvbc CRC TU DEBUG_LEVEL=0 gcc15.2,B,seekrandom,1,20000000,500000,100,16,20260822,3,20531,48.705,crc-only-INVALID(rocketmq-producer-contamination-pid1032923)
2026-08-23,c96415836+,s2605-rvv,spacemit-k3-picoitx,PORTABLE=1 rv64gc + zvbc CRC TU DEBUG_LEVEL=0 gcc15.2,B,seekrandom,1,20000000,500000,100,16,20260822,4,20138,49.655,crc-only-INVALID(rocketmq-producer-contamination-pid1032923)
2026-08-23,c96415836+,s2605-rvv,spacemit-k3-picoitx,PORTABLE=1 rv64gc + zvbc CRC TU DEBUG_LEVEL=0 gcc15.2,B,seekrandom,1,20000000,500000,100,16,20260822,5,20645,48.437,crc-only-INVALID(rocketmq-producer-contamination-pid1032923)
2026-08-23,c96415836+,s2605-rvv,spacemit-k3-picoitx,PORTABLE=1 rv64gc + zvbc CRC TU DEBUG_LEVEL=0 gcc15.2,B,seekrandom,8,20000000,500000,100,16,20260822,1,110721,70.713,crc-only-INVALID(rocketmq-producer-contamination-pid1032923)
2026-08-23,c96415836+,s2605-rvv,spacemit-k3-picoitx,PORTABLE=1 rv64gc + zvbc CRC TU DEBUG_LEVEL=0 gcc15.2,B,seekrandom,8,20000000,500000,100,16,20260822,2,109675,71.754,crc-only-INVALID(rocketmq-producer-contamination-pid1032923)
2026-08-23,c96415836+,s2605-rvv,spacemit-k3-picoitx,PORTABLE=1 rv64gc + zvbc CRC TU DEBUG_LEVEL=0 gcc15.2,B,seekrandom,8,20000000,500000,100,16,20260822,3,110326,71.608,crc-only-INVALID(rocketmq-producer-contamination-pid1032923)
2026-08-23,c96415836+,s2605-rvv,spacemit-k3-picoitx,PORTABLE=1 rv64gc + zvbc CRC TU DEBUG_LEVEL=0 gcc15.2,B,seekrandom,8,20000000,500000,100,16,20260822,4,111093,71.333,crc-only-INVALID(rocketmq-producer-contamination-pid1032923)
2026-08-23,c96415836+,s2605-rvv,spacemit-k3-picoitx,PORTABLE=1 rv64gc + zvbc CRC TU DEBUG_LEVEL=0 gcc15.2,B,seekrandom,8,20000000,500000,100,16,20260822,5,109265,71.923,crc-only-INVALID(rocketmq-producer-contamination-pid1032923)
2026-08-23,c96415836+,s2605-rvv,spacemit-k3-picoitx,PORTABLE=1 rv64gc + zvbc CRC TU DEBUG_LEVEL=0 gcc15.2,A,fillrandom,1,20000000,,100,16,20260822,1,86728,11.530,crc-only-clean
2026-08-23,c96415836+,s2605-rvv,spacemit-k3-picoitx,PORTABLE=1 rv64gc + zvbc CRC TU DEBUG_LEVEL=0 gcc15.2,A,fillrandom,1,20000000,,100,16,20260822,2,87376,11.445,crc-only-clean
2026-08-23,c96415836+,s2605-rvv,spacemit-k3-picoitx,PORTABLE=1 rv64gc + zvbc CRC TU DEBUG_LEVEL=0 gcc15.2,A,fillrandom,1,20000000,,100,16,20260822,3,86335,11.583,crc-only-clean
2026-08-23,c96415836+,s2605-rvv,spacemit-k3-picoitx,PORTABLE=1 rv64gc + zvbc CRC TU DEBUG_LEVEL=0 gcc15.2,A,readrandom,1,20000000,2000000,100,16,20260822,1,19264,51.909,crc-only-clean
2026-08-23,c96415836+,s2605-rvv,spacemit-k3-picoitx,PORTABLE=1 rv64gc + zvbc CRC TU DEBUG_LEVEL=0 gcc15.2,A,readrandom,1,20000000,2000000,100,16,20260822,2,25893,38.619,crc-only-clean
2026-08-23,c96415836+,s2605-rvv,spacemit-k3-picoitx,PORTABLE=1 rv64gc + zvbc CRC TU DEBUG_LEVEL=0 gcc15.2,A,readrandom,1,20000000,2000000,100,16,20260822,3,25552,39.135,crc-only-clean
2026-08-23,c96415836+,s2605-rvv,spacemit-k3-picoitx,PORTABLE=1 rv64gc + zvbc CRC TU DEBUG_LEVEL=0 gcc15.2,A,readrandom,1,20000000,2000000,100,16,20260822,4,25003,39.995,crc-only-clean
2026-08-23,c96415836+,s2605-rvv,spacemit-k3-picoitx,PORTABLE=1 rv64gc + zvbc CRC TU DEBUG_LEVEL=0 gcc15.2,A,readrandom,1,20000000,2000000,100,16,20260822,5,25957,38.525,crc-only-clean
2026-08-23,c96415836+,s2605-rvv,spacemit-k3-picoitx,PORTABLE=1 rv64gc + zvbc CRC TU DEBUG_LEVEL=0 gcc15.2,A,readrandom,8,20000000,2000000,100,16,20260822,1,176610,44.970,crc-only-clean
2026-08-23,c96415836+,s2605-rvv,spacemit-k3-picoitx,PORTABLE=1 rv64gc + zvbc CRC TU DEBUG_LEVEL=0 gcc15.2,A,readrandom,8,20000000,2000000,100,16,20260822,2,176092,45.097,crc-only-clean
2026-08-23,c96415836+,s2605-rvv,spacemit-k3-picoitx,PORTABLE=1 rv64gc + zvbc CRC TU DEBUG_LEVEL=0 gcc15.2,A,readrandom,8,20000000,2000000,100,16,20260822,3,175515,45.248,crc-only-clean
2026-08-23,c96415836+,s2605-rvv,spacemit-k3-picoitx,PORTABLE=1 rv64gc + zvbc CRC TU DEBUG_LEVEL=0 gcc15.2,A,readrandom,8,20000000,2000000,100,16,20260822,4,174000,45.585,crc-only-clean
2026-08-23,c96415836+,s2605-rvv,spacemit-k3-picoitx,PORTABLE=1 rv64gc + zvbc CRC TU DEBUG_LEVEL=0 gcc15.2,A,readrandom,8,20000000,2000000,100,16,20260822,5,174669,45.268,crc-only-clean
2026-08-23,c96415836+,s2605-rvv,spacemit-k3-picoitx,PORTABLE=1 rv64gc + zvbc CRC TU DEBUG_LEVEL=0 gcc15.2,A,seekrandom,1,20000000,500000,100,16,20260822,1,13900,71.939,crc-only-clean
2026-08-23,c96415836+,s2605-rvv,spacemit-k3-picoitx,PORTABLE=1 rv64gc + zvbc CRC TU DEBUG_LEVEL=0 gcc15.2,A,seekrandom,1,20000000,500000,100,16,20260822,2,14001,71.419,crc-only-clean
2026-08-23,c96415836+,s2605-rvv,spacemit-k3-picoitx,PORTABLE=1 rv64gc + zvbc CRC TU DEBUG_LEVEL=0 gcc15.2,A,seekrandom,1,20000000,500000,100,16,20260822,3,13705,72.962,crc-only-clean
2026-08-23,c96415836+,s2605-rvv,spacemit-k3-picoitx,PORTABLE=1 rv64gc + zvbc CRC TU DEBUG_LEVEL=0 gcc15.2,A,seekrandom,1,20000000,500000,100,16,20260822,4,13834,72.284,crc-only-clean
2026-08-23,c96415836+,s2605-rvv,spacemit-k3-picoitx,PORTABLE=1 rv64gc + zvbc CRC TU DEBUG_LEVEL=0 gcc15.2,A,seekrandom,1,20000000,500000,100,16,20260822,5,13773,72.602,crc-only-clean
2026-08-23,c96415836+,s2605-rvv,spacemit-k3-picoitx,PORTABLE=1 rv64gc + zvbc CRC TU DEBUG_LEVEL=0 gcc15.2,A,seekrandom,8,20000000,500000,100,16,20260822,1,98013,81.086,crc-only-clean
2026-08-23,c96415836+,s2605-rvv,spacemit-k3-picoitx,PORTABLE=1 rv64gc + zvbc CRC TU DEBUG_LEVEL=0 gcc15.2,A,seekrandom,8,20000000,500000,100,16,20260822,2,98911,80.259,crc-only-clean
2026-08-23,c96415836+,s2605-rvv,spacemit-k3-picoitx,PORTABLE=1 rv64gc + zvbc CRC TU DEBUG_LEVEL=0 gcc15.2,A,seekrandom,8,20000000,500000,100,16,20260822,3,98028,80.990,crc-only-clean
2026-08-23,c96415836+,s2605-rvv,spacemit-k3-picoitx,PORTABLE=1 rv64gc + zvbc CRC TU DEBUG_LEVEL=0 gcc15.2,A,seekrandom,8,20000000,500000,100,16,20260822,4,98648,80.362,crc-only-clean
2026-08-23,c96415836+,s2605-rvv,spacemit-k3-picoitx,PORTABLE=1 rv64gc + zvbc CRC TU DEBUG_LEVEL=0 gcc15.2,A,seekrandom,8,20000000,500000,100,16,20260822,5,98389,80.900,crc-only-clean
2026-08-23,c96415836+,s2605-rvv,spacemit-k3-picoitx,PORTABLE=1 rv64gc + zvbc CRC TU DEBUG_LEVEL=0 gcc15.2,B,fillrandom,1,20000000,,100,16,20260822,1,86755,11.527,crc-only-clean
2026-08-23,c96415836+,s2605-rvv,spacemit-k3-picoitx,PORTABLE=1 rv64gc + zvbc CRC TU DEBUG_LEVEL=0 gcc15.2,B,fillrandom,1,20000000,,100,16,20260822,2,84131,11.886,crc-only-clean
2026-08-23,c96415836+,s2605-rvv,spacemit-k3-picoitx,PORTABLE=1 rv64gc + zvbc CRC TU DEBUG_LEVEL=0 gcc15.2,B,fillrandom,1,20000000,,100,16,20260822,3,84340,11.857,crc-only-clean
2026-08-23,c96415836+,s2605-rvv,spacemit-k3-picoitx,PORTABLE=1 rv64gc + zvbc CRC TU DEBUG_LEVEL=0 gcc15.2,B,readrandom,1,20000000,2000000,100,16,20260822,1,39384,25.391,crc-only-clean
2026-08-23,c96415836+,s2605-rvv,spacemit-k3-picoitx,PORTABLE=1 rv64gc + zvbc CRC TU DEBUG_LEVEL=0 gcc15.2,B,readrandom,1,20000000,2000000,100,16,20260822,2,65774,15.204,crc-only-clean
2026-08-23,c96415836+,s2605-rvv,spacemit-k3-picoitx,PORTABLE=1 rv64gc + zvbc CRC TU DEBUG_LEVEL=0 gcc15.2,B,readrandom,1,20000000,2000000,100,16,20260822,3,65279,15.319,crc-only-clean
2026-08-23,c96415836+,s2605-rvv,spacemit-k3-picoitx,PORTABLE=1 rv64gc + zvbc CRC TU DEBUG_LEVEL=0 gcc15.2,B,readrandom,1,20000000,2000000,100,16,20260822,4,64670,15.463,crc-only-clean
2026-08-23,c96415836+,s2605-rvv,spacemit-k3-picoitx,PORTABLE=1 rv64gc + zvbc CRC TU DEBUG_LEVEL=0 gcc15.2,B,readrandom,1,20000000,2000000,100,16,20260822,5,67187,14.884,crc-only-clean
2026-08-23,c96415836+,s2605-rvv,spacemit-k3-picoitx,PORTABLE=1 rv64gc + zvbc CRC TU DEBUG_LEVEL=0 gcc15.2,B,readrandom,8,20000000,2000000,100,16,20260822,1,466168,12.567,crc-only-clean
2026-08-23,c96415836+,s2605-rvv,spacemit-k3-picoitx,PORTABLE=1 rv64gc + zvbc CRC TU DEBUG_LEVEL=0 gcc15.2,B,readrandom,8,20000000,2000000,100,16,20260822,2,471557,12.590,crc-only-clean
2026-08-23,c96415836+,s2605-rvv,spacemit-k3-picoitx,PORTABLE=1 rv64gc + zvbc CRC TU DEBUG_LEVEL=0 gcc15.2,B,readrandom,8,20000000,2000000,100,16,20260822,3,466894,12.533,crc-only-clean
2026-08-23,c96415836+,s2605-rvv,spacemit-k3-picoitx,PORTABLE=1 rv64gc + zvbc CRC TU DEBUG_LEVEL=0 gcc15.2,B,readrandom,8,20000000,2000000,100,16,20260822,4,472956,12.476,crc-only-clean
2026-08-23,c96415836+,s2605-rvv,spacemit-k3-picoitx,PORTABLE=1 rv64gc + zvbc CRC TU DEBUG_LEVEL=0 gcc15.2,B,readrandom,8,20000000,2000000,100,16,20260822,5,470892,12.527,crc-only-clean
2026-08-23,c96415836+,s2605-rvv,spacemit-k3-picoitx,PORTABLE=1 rv64gc + zvbc CRC TU DEBUG_LEVEL=0 gcc15.2,B,seekrandom,1,20000000,500000,100,16,20260822,1,21610,46.274,crc-only-clean
2026-08-23,c96415836+,s2605-rvv,spacemit-k3-picoitx,PORTABLE=1 rv64gc + zvbc CRC TU DEBUG_LEVEL=0 gcc15.2,B,seekrandom,1,20000000,500000,100,16,20260822,2,21136,47.312,crc-only-clean
2026-08-23,c96415836+,s2605-rvv,spacemit-k3-picoitx,PORTABLE=1 rv64gc + zvbc CRC TU DEBUG_LEVEL=0 gcc15.2,B,seekrandom,1,20000000,500000,100,16,20260822,3,21029,47.553,crc-only-clean
2026-08-23,c96415836+,s2605-rvv,spacemit-k3-picoitx,PORTABLE=1 rv64gc + zvbc CRC TU DEBUG_LEVEL=0 gcc15.2,B,seekrandom,1,20000000,500000,100,16,20260822,4,21771,45.931,crc-only-clean
2026-08-23,c96415836+,s2605-rvv,spacemit-k3-picoitx,PORTABLE=1 rv64gc + zvbc CRC TU DEBUG_LEVEL=0 gcc15.2,B,seekrandom,1,20000000,500000,100,16,20260822,5,21581,46.336,crc-only-clean
2026-08-23,c96415836+,s2605-rvv,spacemit-k3-picoitx,PORTABLE=1 rv64gc + zvbc CRC TU DEBUG_LEVEL=0 gcc15.2,B,seekrandom,8,20000000,500000,100,16,20260822,1,170736,46.521,crc-only-clean
2026-08-23,c96415836+,s2605-rvv,spacemit-k3-picoitx,PORTABLE=1 rv64gc + zvbc CRC TU DEBUG_LEVEL=0 gcc15.2,B,seekrandom,8,20000000,500000,100,16,20260822,2,168437,47.036,crc-only-clean
2026-08-23,c96415836+,s2605-rvv,spacemit-k3-picoitx,PORTABLE=1 rv64gc + zvbc CRC TU DEBUG_LEVEL=0 gcc15.2,B,seekrandom,8,20000000,500000,100,16,20260822,3,172380,46.099,crc-only-clean
2026-08-23,c96415836+,s2605-rvv,spacemit-k3-picoitx,PORTABLE=1 rv64gc + zvbc CRC TU DEBUG_LEVEL=0 gcc15.2,B,seekrandom,8,20000000,500000,100,16,20260822,4,169587,47.075,crc-only-clean
2026-08-23,c96415836+,s2605-rvv,spacemit-k3-picoitx,PORTABLE=1 rv64gc + zvbc CRC TU DEBUG_LEVEL=0 gcc15.2,B,seekrandom,8,20000000,500000,100,16,20260822,5,168879,46.889,crc-only-clean
2026-08-23,a6e4866ef~,s2605-rvv,spacemit-k3-picoitx,PORTABLE=1 RISCV_RVV=1 -march=rv64gcv (+zvbc TU) DEBUG_LEVEL=0 gcc15.2,A,fillrandom,1,20000000,,100,16,20260822,1,87819,11.387,rvv-full-clean
2026-08-23,a6e4866ef~,s2605-rvv,spacemit-k3-picoitx,PORTABLE=1 RISCV_RVV=1 -march=rv64gcv (+zvbc TU) DEBUG_LEVEL=0 gcc15.2,A,fillrandom,1,20000000,,100,16,20260822,2,87417,11.439,rvv-full-clean
2026-08-23,a6e4866ef~,s2605-rvv,spacemit-k3-picoitx,PORTABLE=1 RISCV_RVV=1 -march=rv64gcv (+zvbc TU) DEBUG_LEVEL=0 gcc15.2,A,fillrandom,1,20000000,,100,16,20260822,3,87867,11.381,rvv-full-clean
2026-08-23,a6e4866ef~,s2605-rvv,spacemit-k3-picoitx,PORTABLE=1 RISCV_RVV=1 -march=rv64gcv (+zvbc TU) DEBUG_LEVEL=0 gcc15.2,A,readrandom,1,20000000,2000000,100,16,20260822,1,19924,50.189,rvv-full-clean
2026-08-23,a6e4866ef~,s2605-rvv,spacemit-k3-picoitx,PORTABLE=1 RISCV_RVV=1 -march=rv64gcv (+zvbc TU) DEBUG_LEVEL=0 gcc15.2,A,readrandom,1,20000000,2000000,100,16,20260822,2,25805,38.752,rvv-full-clean
2026-08-23,a6e4866ef~,s2605-rvv,spacemit-k3-picoitx,PORTABLE=1 RISCV_RVV=1 -march=rv64gcv (+zvbc TU) DEBUG_LEVEL=0 gcc15.2,A,readrandom,1,20000000,2000000,100,16,20260822,3,26726,37.416,rvv-full-clean
2026-08-23,a6e4866ef~,s2605-rvv,spacemit-k3-picoitx,PORTABLE=1 RISCV_RVV=1 -march=rv64gcv (+zvbc TU) DEBUG_LEVEL=0 gcc15.2,A,readrandom,1,20000000,2000000,100,16,20260822,4,26665,37.501,rvv-full-clean
2026-08-23,a6e4866ef~,s2605-rvv,spacemit-k3-picoitx,PORTABLE=1 RISCV_RVV=1 -march=rv64gcv (+zvbc TU) DEBUG_LEVEL=0 gcc15.2,A,readrandom,1,20000000,2000000,100,16,20260822,5,26437,37.825,rvv-full-clean
2026-08-23,a6e4866ef~,s2605-rvv,spacemit-k3-picoitx,PORTABLE=1 RISCV_RVV=1 -march=rv64gcv (+zvbc TU) DEBUG_LEVEL=0 gcc15.2,A,readrandom,8,20000000,2000000,100,16,20260822,1,179252,44.085,rvv-full-clean
2026-08-23,a6e4866ef~,s2605-rvv,spacemit-k3-picoitx,PORTABLE=1 RISCV_RVV=1 -march=rv64gcv (+zvbc TU) DEBUG_LEVEL=0 gcc15.2,A,readrandom,8,20000000,2000000,100,16,20260822,2,178626,44.324,rvv-full-clean
2026-08-23,a6e4866ef~,s2605-rvv,spacemit-k3-picoitx,PORTABLE=1 RISCV_RVV=1 -march=rv64gcv (+zvbc TU) DEBUG_LEVEL=0 gcc15.2,A,readrandom,8,20000000,2000000,100,16,20260822,3,181305,43.883,rvv-full-clean
2026-08-23,a6e4866ef~,s2605-rvv,spacemit-k3-picoitx,PORTABLE=1 RISCV_RVV=1 -march=rv64gcv (+zvbc TU) DEBUG_LEVEL=0 gcc15.2,A,readrandom,8,20000000,2000000,100,16,20260822,4,179890,43.966,rvv-full-clean
2026-08-23,a6e4866ef~,s2605-rvv,spacemit-k3-picoitx,PORTABLE=1 RISCV_RVV=1 -march=rv64gcv (+zvbc TU) DEBUG_LEVEL=0 gcc15.2,A,readrandom,8,20000000,2000000,100,16,20260822,5,180333,44.046,rvv-full-clean
2026-08-23,a6e4866ef~,s2605-rvv,spacemit-k3-picoitx,PORTABLE=1 RISCV_RVV=1 -march=rv64gcv (+zvbc TU) DEBUG_LEVEL=0 gcc15.2,A,seekrandom,1,20000000,500000,100,16,20260822,1,14519,68.871,rvv-full-clean
2026-08-23,a6e4866ef~,s2605-rvv,spacemit-k3-picoitx,PORTABLE=1 RISCV_RVV=1 -march=rv64gcv (+zvbc TU) DEBUG_LEVEL=0 gcc15.2,A,seekrandom,1,20000000,500000,100,16,20260822,2,14179,70.524,rvv-full-clean
2026-08-23,a6e4866ef~,s2605-rvv,spacemit-k3-picoitx,PORTABLE=1 RISCV_RVV=1 -march=rv64gcv (+zvbc TU) DEBUG_LEVEL=0 gcc15.2,A,seekrandom,1,20000000,500000,100,16,20260822,3,14379,69.545,rvv-full-clean
2026-08-23,a6e4866ef~,s2605-rvv,spacemit-k3-picoitx,PORTABLE=1 RISCV_RVV=1 -march=rv64gcv (+zvbc TU) DEBUG_LEVEL=0 gcc15.2,A,seekrandom,1,20000000,500000,100,16,20260822,4,14300,69.929,rvv-full-clean
2026-08-23,a6e4866ef~,s2605-rvv,spacemit-k3-picoitx,PORTABLE=1 RISCV_RVV=1 -march=rv64gcv (+zvbc TU) DEBUG_LEVEL=0 gcc15.2,A,seekrandom,1,20000000,500000,100,16,20260822,5,14741,67.836,rvv-full-clean
2026-08-23,a6e4866ef~,s2605-rvv,spacemit-k3-picoitx,PORTABLE=1 RISCV_RVV=1 -march=rv64gcv (+zvbc TU) DEBUG_LEVEL=0 gcc15.2,A,seekrandom,8,20000000,500000,100,16,20260822,1,100799,78.931,rvv-full-clean
2026-08-23,a6e4866ef~,s2605-rvv,spacemit-k3-picoitx,PORTABLE=1 RISCV_RVV=1 -march=rv64gcv (+zvbc TU) DEBUG_LEVEL=0 gcc15.2,A,seekrandom,8,20000000,500000,100,16,20260822,2,101090,78.676,rvv-full-clean
2026-08-23,a6e4866ef~,s2605-rvv,spacemit-k3-picoitx,PORTABLE=1 RISCV_RVV=1 -march=rv64gcv (+zvbc TU) DEBUG_LEVEL=0 gcc15.2,A,seekrandom,8,20000000,500000,100,16,20260822,3,101213,78.405,rvv-full-clean
2026-08-23,a6e4866ef~,s2605-rvv,spacemit-k3-picoitx,PORTABLE=1 RISCV_RVV=1 -march=rv64gcv (+zvbc TU) DEBUG_LEVEL=0 gcc15.2,A,seekrandom,8,20000000,500000,100,16,20260822,4,100934,78.967,rvv-full-clean
2026-08-23,a6e4866ef~,s2605-rvv,spacemit-k3-picoitx,PORTABLE=1 RISCV_RVV=1 -march=rv64gcv (+zvbc TU) DEBUG_LEVEL=0 gcc15.2,A,seekrandom,8,20000000,500000,100,16,20260822,5,100840,78.828,rvv-full-clean
2026-08-23,a6e4866ef~,s2605-rvv,spacemit-k3-picoitx,PORTABLE=1 RISCV_RVV=1 -march=rv64gcv (+zvbc TU) DEBUG_LEVEL=0 gcc15.2,B,fillrandom,1,20000000,,100,16,20260822,1,88181,11.340,rvv-full-clean
2026-08-23,a6e4866ef~,s2605-rvv,spacemit-k3-picoitx,PORTABLE=1 RISCV_RVV=1 -march=rv64gcv (+zvbc TU) DEBUG_LEVEL=0 gcc15.2,B,fillrandom,1,20000000,,100,16,20260822,2,89282,11.200,rvv-full-clean
2026-08-23,a6e4866ef~,s2605-rvv,spacemit-k3-picoitx,PORTABLE=1 RISCV_RVV=1 -march=rv64gcv (+zvbc TU) DEBUG_LEVEL=0 gcc15.2,B,fillrandom,1,20000000,,100,16,20260822,3,85657,11.674,rvv-full-clean
2026-08-23,a6e4866ef~,s2605-rvv,spacemit-k3-picoitx,PORTABLE=1 RISCV_RVV=1 -march=rv64gcv (+zvbc TU) DEBUG_LEVEL=0 gcc15.2,B,readrandom,1,20000000,2000000,100,16,20260822,1,31157,32.095,rvv-full-clean
2026-08-23,a6e4866ef~,s2605-rvv,spacemit-k3-picoitx,PORTABLE=1 RISCV_RVV=1 -march=rv64gcv (+zvbc TU) DEBUG_LEVEL=0 gcc15.2,B,readrandom,1,20000000,2000000,100,16,20260822,2,69938,14.298,rvv-full-clean
2026-08-23,a6e4866ef~,s2605-rvv,spacemit-k3-picoitx,PORTABLE=1 RISCV_RVV=1 -march=rv64gcv (+zvbc TU) DEBUG_LEVEL=0 gcc15.2,B,readrandom,1,20000000,2000000,100,16,20260822,3,69386,14.412,rvv-full-clean
2026-08-23,a6e4866ef~,s2605-rvv,spacemit-k3-picoitx,PORTABLE=1 RISCV_RVV=1 -march=rv64gcv (+zvbc TU) DEBUG_LEVEL=0 gcc15.2,B,readrandom,1,20000000,2000000,100,16,20260822,4,70288,14.227,rvv-full-clean
2026-08-23,a6e4866ef~,s2605-rvv,spacemit-k3-picoitx,PORTABLE=1 RISCV_RVV=1 -march=rv64gcv (+zvbc TU) DEBUG_LEVEL=0 gcc15.2,B,readrandom,1,20000000,2000000,100,16,20260822,5,68750,14.545,rvv-full-clean
2026-08-23,a6e4866ef~,s2605-rvv,spacemit-k3-picoitx,PORTABLE=1 RISCV_RVV=1 -march=rv64gcv (+zvbc TU) DEBUG_LEVEL=0 gcc15.2,B,readrandom,8,20000000,2000000,100,16,20260822,1,491644,12.090,rvv-full-clean
2026-08-23,a6e4866ef~,s2605-rvv,spacemit-k3-picoitx,PORTABLE=1 RISCV_RVV=1 -march=rv64gcv (+zvbc TU) DEBUG_LEVEL=0 gcc15.2,B,readrandom,8,20000000,2000000,100,16,20260822,2,487805,12.041,rvv-full-clean
2026-08-23,a6e4866ef~,s2605-rvv,spacemit-k3-picoitx,PORTABLE=1 RISCV_RVV=1 -march=rv64gcv (+zvbc TU) DEBUG_LEVEL=0 gcc15.2,B,readrandom,8,20000000,2000000,100,16,20260822,3,489283,12.046,rvv-full-clean
2026-08-23,a6e4866ef~,s2605-rvv,spacemit-k3-picoitx,PORTABLE=1 RISCV_RVV=1 -march=rv64gcv (+zvbc TU) DEBUG_LEVEL=0 gcc15.2,B,readrandom,8,20000000,2000000,100,16,20260822,4,489316,11.992,rvv-full-clean
2026-08-23,a6e4866ef~,s2605-rvv,spacemit-k3-picoitx,PORTABLE=1 RISCV_RVV=1 -march=rv64gcv (+zvbc TU) DEBUG_LEVEL=0 gcc15.2,B,readrandom,8,20000000,2000000,100,16,20260822,5,490400,12.166,rvv-full-clean
2026-08-23,a6e4866ef~,s2605-rvv,spacemit-k3-picoitx,PORTABLE=1 RISCV_RVV=1 -march=rv64gcv (+zvbc TU) DEBUG_LEVEL=0 gcc15.2,B,seekrandom,1,20000000,500000,100,16,20260822,1,23025,43.429,rvv-full-clean
2026-08-23,a6e4866ef~,s2605-rvv,spacemit-k3-picoitx,PORTABLE=1 RISCV_RVV=1 -march=rv64gcv (+zvbc TU) DEBUG_LEVEL=0 gcc15.2,B,seekrandom,1,20000000,500000,100,16,20260822,2,22445,44.552,rvv-full-clean
2026-08-23,a6e4866ef~,s2605-rvv,spacemit-k3-picoitx,PORTABLE=1 RISCV_RVV=1 -march=rv64gcv (+zvbc TU) DEBUG_LEVEL=0 gcc15.2,B,seekrandom,1,20000000,500000,100,16,20260822,3,22026,45.401,rvv-full-clean
2026-08-23,a6e4866ef~,s2605-rvv,spacemit-k3-picoitx,PORTABLE=1 RISCV_RVV=1 -march=rv64gcv (+zvbc TU) DEBUG_LEVEL=0 gcc15.2,B,seekrandom,1,20000000,500000,100,16,20260822,4,21648,46.192,rvv-full-clean
2026-08-23,a6e4866ef~,s2605-rvv,spacemit-k3-picoitx,PORTABLE=1 RISCV_RVV=1 -march=rv64gcv (+zvbc TU) DEBUG_LEVEL=0 gcc15.2,B,seekrandom,1,20000000,500000,100,16,20260822,5,22241,44.961,rvv-full-clean
2026-08-23,a6e4866ef~,s2605-rvv,spacemit-k3-picoitx,PORTABLE=1 RISCV_RVV=1 -march=rv64gcv (+zvbc TU) DEBUG_LEVEL=0 gcc15.2,B,seekrandom,8,20000000,500000,100,16,20260822,1,180865,43.938,rvv-full-clean
2026-08-23,a6e4866ef~,s2605-rvv,spacemit-k3-picoitx,PORTABLE=1 RISCV_RVV=1 -march=rv64gcv (+zvbc TU) DEBUG_LEVEL=0 gcc15.2,B,seekrandom,8,20000000,500000,100,16,20260822,2,177463,44.671,rvv-full-clean
2026-08-23,a6e4866ef~,s2605-rvv,spacemit-k3-picoitx,PORTABLE=1 RISCV_RVV=1 -march=rv64gcv (+zvbc TU) DEBUG_LEVEL=0 gcc15.2,B,seekrandom,8,20000000,500000,100,16,20260822,3,178536,44.520,rvv-full-clean
2026-08-23,a6e4866ef~,s2605-rvv,spacemit-k3-picoitx,PORTABLE=1 RISCV_RVV=1 -march=rv64gcv (+zvbc TU) DEBUG_LEVEL=0 gcc15.2,B,seekrandom,8,20000000,500000,100,16,20260822,4,176460,45.089,rvv-full-clean
2026-08-23,a6e4866ef~,s2605-rvv,spacemit-k3-picoitx,PORTABLE=1 RISCV_RVV=1 -march=rv64gcv (+zvbc TU) DEBUG_LEVEL=0 gcc15.2,B,seekrandom,8,20000000,500000,100,16,20260822,5,178191,44.809,rvv-full-clean
2026-08-23,final-candidate,s2605-rvv,spacemit-k3-picoitx,PORTABLE=1 RISCV_RVV=1 hardened+prefetch+xxph3 DEBUG_LEVEL=0 gcc15.2,A,fillrandom,1,20000000,,100,16,20260822,1,81619,12.252,final-clean
2026-08-23,final-candidate,s2605-rvv,spacemit-k3-picoitx,PORTABLE=1 RISCV_RVV=1 hardened+prefetch+xxph3 DEBUG_LEVEL=0 gcc15.2,A,fillrandom,1,20000000,,100,16,20260822,2,84743,11.800,final-clean
2026-08-23,final-candidate,s2605-rvv,spacemit-k3-picoitx,PORTABLE=1 RISCV_RVV=1 hardened+prefetch+xxph3 DEBUG_LEVEL=0 gcc15.2,A,fillrandom,1,20000000,,100,16,20260822,3,82512,12.119,final-clean
2026-08-23,final-candidate,s2605-rvv,spacemit-k3-picoitx,PORTABLE=1 RISCV_RVV=1 hardened+prefetch+xxph3 DEBUG_LEVEL=0 gcc15.2,A,readrandom,1,20000000,2000000,100,16,20260822,1,18475,54.126,final-clean
2026-08-23,final-candidate,s2605-rvv,spacemit-k3-picoitx,PORTABLE=1 RISCV_RVV=1 hardened+prefetch+xxph3 DEBUG_LEVEL=0 gcc15.2,A,readrandom,1,20000000,2000000,100,16,20260822,2,24467,40.870,final-clean
2026-08-23,final-candidate,s2605-rvv,spacemit-k3-picoitx,PORTABLE=1 RISCV_RVV=1 hardened+prefetch+xxph3 DEBUG_LEVEL=0 gcc15.2,A,readrandom,1,20000000,2000000,100,16,20260822,3,24981,40.030,final-clean
2026-08-23,final-candidate,s2605-rvv,spacemit-k3-picoitx,PORTABLE=1 RISCV_RVV=1 hardened+prefetch+xxph3 DEBUG_LEVEL=0 gcc15.2,A,readrandom,1,20000000,2000000,100,16,20260822,4,24899,40.161,final-clean
2026-08-23,final-candidate,s2605-rvv,spacemit-k3-picoitx,PORTABLE=1 RISCV_RVV=1 hardened+prefetch+xxph3 DEBUG_LEVEL=0 gcc15.2,A,readrandom,1,20000000,2000000,100,16,20260822,5,24625,40.608,final-clean
2026-08-23,final-candidate,s2605-rvv,spacemit-k3-picoitx,PORTABLE=1 RISCV_RVV=1 hardened+prefetch+xxph3 DEBUG_LEVEL=0 gcc15.2,A,readrandom,8,20000000,2000000,100,16,20260822,1,167902,47.168,final-clean
2026-08-23,final-candidate,s2605-rvv,spacemit-k3-picoitx,PORTABLE=1 RISCV_RVV=1 hardened+prefetch+xxph3 DEBUG_LEVEL=0 gcc15.2,A,readrandom,8,20000000,2000000,100,16,20260822,2,166495,47.609,final-clean
2026-08-23,final-candidate,s2605-rvv,spacemit-k3-picoitx,PORTABLE=1 RISCV_RVV=1 hardened+prefetch+xxph3 DEBUG_LEVEL=0 gcc15.2,A,readrandom,8,20000000,2000000,100,16,20260822,3,164558,48.397,final-clean
2026-08-23,final-candidate,s2605-rvv,spacemit-k3-picoitx,PORTABLE=1 RISCV_RVV=1 hardened+prefetch+xxph3 DEBUG_LEVEL=0 gcc15.2,A,readrandom,8,20000000,2000000,100,16,20260822,4,166737,47.682,final-clean
2026-08-23,final-candidate,s2605-rvv,spacemit-k3-picoitx,PORTABLE=1 RISCV_RVV=1 hardened+prefetch+xxph3 DEBUG_LEVEL=0 gcc15.2,A,readrandom,8,20000000,2000000,100,16,20260822,5,159474,49.886,final-clean
2026-08-23,final-candidate,s2605-rvv,spacemit-k3-picoitx,PORTABLE=1 RISCV_RVV=1 hardened+prefetch+xxph3 DEBUG_LEVEL=0 gcc15.2,A,seekrandom,1,20000000,500000,100,16,20260822,1,13287,75.259,final-clean
2026-08-23,final-candidate,s2605-rvv,spacemit-k3-picoitx,PORTABLE=1 RISCV_RVV=1 hardened+prefetch+xxph3 DEBUG_LEVEL=0 gcc15.2,A,seekrandom,1,20000000,500000,100,16,20260822,2,13474,74.212,final-clean
2026-08-23,final-candidate,s2605-rvv,spacemit-k3-picoitx,PORTABLE=1 RISCV_RVV=1 hardened+prefetch+xxph3 DEBUG_LEVEL=0 gcc15.2,A,seekrandom,1,20000000,500000,100,16,20260822,3,13325,75.045,final-clean
2026-08-23,final-candidate,s2605-rvv,spacemit-k3-picoitx,PORTABLE=1 RISCV_RVV=1 hardened+prefetch+xxph3 DEBUG_LEVEL=0 gcc15.2,A,seekrandom,1,20000000,500000,100,16,20260822,4,13261,75.407,final-clean
2026-08-23,final-candidate,s2605-rvv,spacemit-k3-picoitx,PORTABLE=1 RISCV_RVV=1 hardened+prefetch+xxph3 DEBUG_LEVEL=0 gcc15.2,A,seekrandom,1,20000000,500000,100,16,20260822,5,13363,74.831,final-clean
2026-08-23,final-candidate,s2605-rvv,spacemit-k3-picoitx,PORTABLE=1 RISCV_RVV=1 hardened+prefetch+xxph3 DEBUG_LEVEL=0 gcc15.2,A,seekrandom,8,20000000,500000,100,16,20260822,1,93466,85.039,final-clean
2026-08-23,final-candidate,s2605-rvv,spacemit-k3-picoitx,PORTABLE=1 RISCV_RVV=1 hardened+prefetch+xxph3 DEBUG_LEVEL=0 gcc15.2,A,seekrandom,8,20000000,500000,100,16,20260822,2,94071,84.430,final-clean
2026-08-23,final-candidate,s2605-rvv,spacemit-k3-picoitx,PORTABLE=1 RISCV_RVV=1 hardened+prefetch+xxph3 DEBUG_LEVEL=0 gcc15.2,A,seekrandom,8,20000000,500000,100,16,20260822,3,94041,84.701,final-clean
2026-08-23,final-candidate,s2605-rvv,spacemit-k3-picoitx,PORTABLE=1 RISCV_RVV=1 hardened+prefetch+xxph3 DEBUG_LEVEL=0 gcc15.2,A,seekrandom,8,20000000,500000,100,16,20260822,4,93621,84.893,final-clean
2026-08-23,final-candidate,s2605-rvv,spacemit-k3-picoitx,PORTABLE=1 RISCV_RVV=1 hardened+prefetch+xxph3 DEBUG_LEVEL=0 gcc15.2,A,seekrandom,8,20000000,500000,100,16,20260822,5,94972,83.940,final-clean
2026-08-23,final-candidate,s2605-rvv,spacemit-k3-picoitx,PORTABLE=1 RISCV_RVV=1 hardened+prefetch+xxph3 DEBUG_LEVEL=0 gcc15.2,B,fillrandom,1,20000000,,100,16,20260822,1,83197,12.020,final-clean
2026-08-23,final-candidate,s2605-rvv,spacemit-k3-picoitx,PORTABLE=1 RISCV_RVV=1 hardened+prefetch+xxph3 DEBUG_LEVEL=0 gcc15.2,B,fillrandom,1,20000000,,100,16,20260822,2,84282,11.865,final-clean
2026-08-23,final-candidate,s2605-rvv,spacemit-k3-picoitx,PORTABLE=1 RISCV_RVV=1 hardened+prefetch+xxph3 DEBUG_LEVEL=0 gcc15.2,B,fillrandom,1,20000000,,100,16,20260822,3,79465,12.584,final-clean
2026-08-23,final-candidate,s2605-rvv,spacemit-k3-picoitx,PORTABLE=1 RISCV_RVV=1 hardened+prefetch+xxph3 DEBUG_LEVEL=0 gcc15.2,B,readrandom,1,20000000,2000000,100,16,20260822,1,55792,17.923,final-clean
2026-08-23,final-candidate,s2605-rvv,spacemit-k3-picoitx,PORTABLE=1 RISCV_RVV=1 hardened+prefetch+xxph3 DEBUG_LEVEL=0 gcc15.2,B,readrandom,1,20000000,2000000,100,16,20260822,2,66025,15.146,final-clean
2026-08-23,final-candidate,s2605-rvv,spacemit-k3-picoitx,PORTABLE=1 RISCV_RVV=1 hardened+prefetch+xxph3 DEBUG_LEVEL=0 gcc15.2,B,readrandom,1,20000000,2000000,100,16,20260822,3,67388,14.839,final-clean
2026-08-23,final-candidate,s2605-rvv,spacemit-k3-picoitx,PORTABLE=1 RISCV_RVV=1 hardened+prefetch+xxph3 DEBUG_LEVEL=0 gcc15.2,B,readrandom,1,20000000,2000000,100,16,20260822,4,66765,14.978,final-clean
2026-08-23,final-candidate,s2605-rvv,spacemit-k3-picoitx,PORTABLE=1 RISCV_RVV=1 hardened+prefetch+xxph3 DEBUG_LEVEL=0 gcc15.2,B,readrandom,1,20000000,2000000,100,16,20260822,5,65267,15.322,final-clean
2026-08-23,final-candidate,s2605-rvv,spacemit-k3-picoitx,PORTABLE=1 RISCV_RVV=1 hardened+prefetch+xxph3 DEBUG_LEVEL=0 gcc15.2,B,readrandom,8,20000000,2000000,100,16,20260822,1,475869,12.510,final-clean
2026-08-23,final-candidate,s2605-rvv,spacemit-k3-picoitx,PORTABLE=1 RISCV_RVV=1 hardened+prefetch+xxph3 DEBUG_LEVEL=0 gcc15.2,B,readrandom,8,20000000,2000000,100,16,20260822,2,463376,12.644,final-clean
2026-08-23,final-candidate,s2605-rvv,spacemit-k3-picoitx,PORTABLE=1 RISCV_RVV=1 hardened+prefetch+xxph3 DEBUG_LEVEL=0 gcc15.2,B,readrandom,8,20000000,2000000,100,16,20260822,3,472784,12.533,final-clean
2026-08-23,final-candidate,s2605-rvv,spacemit-k3-picoitx,PORTABLE=1 RISCV_RVV=1 hardened+prefetch+xxph3 DEBUG_LEVEL=0 gcc15.2,B,readrandom,8,20000000,2000000,100,16,20260822,4,475921,12.465,final-clean
2026-08-23,final-candidate,s2605-rvv,spacemit-k3-picoitx,PORTABLE=1 RISCV_RVV=1 hardened+prefetch+xxph3 DEBUG_LEVEL=0 gcc15.2,B,readrandom,8,20000000,2000000,100,16,20260822,5,466699,12.582,final-clean
2026-08-23,final-candidate,s2605-rvv,spacemit-k3-picoitx,PORTABLE=1 RISCV_RVV=1 hardened+prefetch+xxph3 DEBUG_LEVEL=0 gcc15.2,B,seekrandom,1,20000000,500000,100,16,20260822,1,21622,46.248,final-clean
2026-08-23,final-candidate,s2605-rvv,spacemit-k3-picoitx,PORTABLE=1 RISCV_RVV=1 hardened+prefetch+xxph3 DEBUG_LEVEL=0 gcc15.2,B,seekrandom,1,20000000,500000,100,16,20260822,2,21336,46.867,final-clean
2026-08-23,final-candidate,s2605-rvv,spacemit-k3-picoitx,PORTABLE=1 RISCV_RVV=1 hardened+prefetch+xxph3 DEBUG_LEVEL=0 gcc15.2,B,seekrandom,1,20000000,500000,100,16,20260822,3,21544,46.415,final-clean
2026-08-23,final-candidate,s2605-rvv,spacemit-k3-picoitx,PORTABLE=1 RISCV_RVV=1 hardened+prefetch+xxph3 DEBUG_LEVEL=0 gcc15.2,B,seekrandom,1,20000000,500000,100,16,20260822,4,21506,46.497,final-clean
2026-08-23,final-candidate,s2605-rvv,spacemit-k3-picoitx,PORTABLE=1 RISCV_RVV=1 hardened+prefetch+xxph3 DEBUG_LEVEL=0 gcc15.2,B,seekrandom,1,20000000,500000,100,16,20260822,5,21420,46.684,final-clean
2026-08-23,final-candidate,s2605-rvv,spacemit-k3-picoitx,PORTABLE=1 RISCV_RVV=1 hardened+prefetch+xxph3 DEBUG_LEVEL=0 gcc15.2,B,seekrandom,8,20000000,500000,100,16,20260822,1,169203,46.817,final-clean
2026-08-23,final-candidate,s2605-rvv,spacemit-k3-picoitx,PORTABLE=1 RISCV_RVV=1 hardened+prefetch+xxph3 DEBUG_LEVEL=0 gcc15.2,B,seekrandom,8,20000000,500000,100,16,20260822,2,168657,47.116,final-clean
2026-08-23,final-candidate,s2605-rvv,spacemit-k3-picoitx,PORTABLE=1 RISCV_RVV=1 hardened+prefetch+xxph3 DEBUG_LEVEL=0 gcc15.2,B,seekrandom,8,20000000,500000,100,16,20260822,3,169408,46.756,final-clean
2026-08-23,final-candidate,s2605-rvv,spacemit-k3-picoitx,PORTABLE=1 RISCV_RVV=1 hardened+prefetch+xxph3 DEBUG_LEVEL=0 gcc15.2,B,seekrandom,8,20000000,500000,100,16,20260822,4,169934,46.872,final-clean
2026-08-23,final-candidate,s2605-rvv,spacemit-k3-picoitx,PORTABLE=1 RISCV_RVV=1 hardened+prefetch+xxph3 DEBUG_LEVEL=0 gcc15.2,B,seekrandom,8,20000000,500000,100,16,20260822,5,170396,46.469,final-clean
